orden,id,nombre_original,nombre_alternativo,ruta_relativa,distancia_km,puntos,elevacion,elevacion_min_m,elevacion_max_m,es_circuito,estado_revision,observaciones_automaticas,sha256_geometria
1,gilles-001-aire-a-meztitla,Aire-a Meztitla,,gilles-001-aire-a-meztitla/ruta.gpx,2.380,37,ausente,,,no,pendiente,sin-elevacion,64313a0eb7bfa10790210945f06d7913e677f5fa416226114af7b146df81819c
2,gilles-002-aire-a-sd,Aire-a SD,,gilles-002-aire-a-sd/ruta.gpx,1.489,17,ausente,,,no,pendiente,tramo-corto|sin-elevacion,dd12eada5f582e3674b5598ef88f2d1b194df8713a3159619bd90ad252744e51
3,gilles-003-aire-conexion-1,Aire-conexión-1,,gilles-003-aire-conexion-1/ruta.gpx,0.797,25,ausente,,,no,pendiente,tramo-corto|posible-conector|nombre-con-sufijo-numerico|sin-elevacion,1695989b3c4ba56e180c5e43c69573b65c96e77666fcc0c0f8da6879d9bd2b23
4,gilles-004-aire-conexion-2,Aire-conexión-2,,gilles-004-aire-conexion-2/ruta.gpx,0.735,40,ausente,,,no,pendiente,tramo-corto|posible-conector|nombre-con-sufijo-numerico|sin-elevacion,eca4289060cf19f5d994c69dc50ec68409a74ef1a5740763d6f7c1823f300f12
5,gilles-005-aire-conexion-3,Aire-conexión-3,,gilles-005-aire-conexion-3/ruta.gpx,0.124,10,ausente,,,no,pendiente,tramo-muy-corto|posible-conector|nombre-con-sufijo-numerico|sin-elevacion,4eaddba049ec3c7c00a8a252444a00ef7ffc3f7e54cde7ac50a75c47b517c553
6,gilles-006-aire-cumbre,Aire-cumbre,Aire-cumbre 1,gilles-006-aire-cumbre/ruta.gpx,0.307,23,ausente,,,no,pendiente,tramo-muy-corto|sin-elevacion|nombre-difiere-entre-fuentes,0906737c389b8708ab12bb5d41da5c7b64ef635d689cd08a93fde6d0166f8d78
7,gilles-007-aire-cumbre-1,Aire-cumbre-1,,gilles-007-aire-cumbre-1/ruta.gpx,0.225,15,ausente,,,no,pendiente,tramo-muy-corto|nombre-con-sufijo-numerico|sin-elevacion,c4aa9eefaa7fc9d1b5380f53148514e3b5db8b134a252a68dfd213c265a29ec7
8,gilles-008-aire-cumbre-2,Aire-cumbre-2,,gilles-008-aire-cumbre-2/ruta.gpx,0.108,8,ausente,,,no,pendiente,tramo-muy-corto|nombre-con-sufijo-numerico|sin-elevacion,32a88d714de4545aac5ce5832363bdf2c9809a0a9fe6846c531bd0b3c2af84bd
9,gilles-009-aire-cumbre-3,Aire-cumbre-3,,gilles-009-aire-cumbre-3/ruta.gpx,0.106,11,ausente,,,no,pendiente,tramo-muy-corto|nombre-con-sufijo-numerico|sin-elevacion,baca09bbf2ac8276e8d60e69a6515e1c2a7e336ea07395f0bb3e7c5b8177289f
10,gilles-010-aire-los-miradores,Aire-los miradores,,gilles-010-aire-los-miradores/ruta.gpx,0.570,27,ausente,,,no,pendiente,tramo-corto|sin-elevacion,76c875080b62de6929a777384448768373012fa20ac3d53ada303621bffe93c2
11,gilles-011-aire-los-ocotes,Aire-los ocotes,,gilles-011-aire-los-ocotes/ruta.gpx,0.623,27,ausente,,,no,pendiente,tramo-corto|sin-elevacion,a300c4e767b96fc2f121b99659ffabd1d20a37c3712abca0950252cb5e26128d
12,gilles-012-aire-mirador-de-la-cumbre,Aire-mirador de la cumbre,,gilles-012-aire-mirador-de-la-cumbre/ruta.gpx,0.153,15,ausente,,,no,pendiente,tramo-muy-corto|sin-elevacion,98d25a320c10355bc9d0771a58094e3afac90837c3f40d59c37a2797cdae4491
13,gilles-013-aire-por-el-coral,Aire-por el coral,,gilles-013-aire-por-el-coral/ruta.gpx,1.206,58,ausente,,,no,pendiente,tramo-corto|sin-elevacion,e440ce403e7bf05c8f396ad194f9ddd21befc702bd8eabe2942399b98d70236b
14,gilles-014-aire-por-el-hoyo-de-agua,Aire-por el hoyo de agua,,gilles-014-aire-por-el-hoyo-de-agua/ruta.gpx,1.726,26,ausente,,,no,pendiente,tramo-corto|sin-elevacion,500d4f1815d1076c9a9c5a6e38678c7d0aeec9c7e7c763d9ad5a35972af9785f
15,gilles-015-aire-por-el-salto-del-aire,Aire-por el salto del Aire,,gilles-015-aire-por-el-salto-del-aire/ruta.gpx,0.993,16,ausente,,,no,pendiente,tramo-corto|sin-elevacion,78c753d4de0698bb5f17a2a40c98ccadd76104b42461b2aab036494511e3d225
16,gilles-016-aire-por-la-canada,Aire-por la cañada,,gilles-016-aire-por-la-canada/ruta.gpx,0.489,23,ausente,,,no,pendiente,tramo-muy-corto|sin-elevacion,afa9f67c31645636f7137f0bc1e72fbcf342d12bb1b3caa62bf7a166928dfc94
17,gilles-017-aire-salto-del-aire,Aire-salto del Aire,,gilles-017-aire-salto-del-aire/ruta.gpx,0.287,18,ausente,,,no,pendiente,tramo-muy-corto|sin-elevacion,d5e5a3c03e5c59fdbfa2861ee19d402fdc3f4f5cdfc213a9998c76944c3d7774
18,gilles-018-aire-vuelta,Aire-vuelta,,gilles-018-aire-vuelta/ruta.gpx,1.683,36,ausente,,,si,pendiente,tramo-corto|sin-elevacion|circuito-cerrado,526a49f147d5489367a47d396b8bee636f7a4103c6b4004292fdab4d5d037609
19,gilles-019-aire-vuelta-por-abajo,Aire-vuelta por abajo,,gilles-019-aire-vuelta-por-abajo/ruta.gpx,1.263,58,ausente,,,no,pendiente,tramo-corto|sin-elevacion,1a7c8bb1491fce921f9285ba3d5cf627ef1e70b94bd640cf9b3ef242149f1f04
20,gilles-020-ame-alg2,AME-alG2,,gilles-020-ame-alg2/ruta.gpx,1.264,47,ausente,,,no,pendiente,tramo-corto|nombre-con-sufijo-numerico|sin-elevacion,58640e47ad2cf671084ea9aee45fa5e9610334dd891bc4c5ed5e01e5e4880c50
21,gilles-021-amn-conexion-1,AMN-conexión-1,,gilles-021-amn-conexion-1/ruta.gpx,1.186,48,ausente,,,no,pendiente,tramo-corto|posible-conector|nombre-con-sufijo-numerico|sin-elevacion,ee1d084a30dc6ba257076d4a03c610de95b137589c03aa4fe4ec3a7ee5842d2a
22,gilles-022-amn-mojonera-amatlan,AMN-mojonera-Amatlán,,gilles-022-amn-mojonera-amatlan/ruta.gpx,3.335,160,ausente,,,no,pendiente,sin-elevacion,18778558b9555d1ef30b417e1cbf5330e8494b9c17e43710592e8be2b907cc14
23,gilles-023-amn-nopaleras-1,AMN-nopaleras-1,,gilles-023-amn-nopaleras-1/ruta.gpx,2.405,89,ausente,,,no,pendiente,nombre-con-sufijo-numerico|sin-elevacion,d61061a185113d5f5d3bdc7b9205f6fdf67d104ffab41fbf2a26c339c945575a
24,gilles-024-amn-nopaleras-2,AMN-nopaleras-2,,gilles-024-amn-nopaleras-2/ruta.gpx,1.417,36,ausente,,,no,pendiente,tramo-corto|nombre-con-sufijo-numerico|sin-elevacion,6ea5efe022477f802d2a03e1ea023ec2b51a20f6d082fd5a25e4a48d4f9ad421
25,gilles-025-amn-nopaleras-3,AMN-nopaleras-3,,gilles-025-amn-nopaleras-3/ruta.gpx,3.224,91,ausente,,,no,pendiente,nombre-con-sufijo-numerico|sin-elevacion,a681c514a6195c5b4321cbb45b7888f3fb3a57b37cb0428b254000da12ef1a71
26,gilles-026-amo-camino-al-cuatzin,AMO-camino al Cuatzín,,gilles-026-amo-camino-al-cuatzin/ruta.gpx,1.923,123,ausente,,,no,pendiente,tramo-corto|sin-elevacion,d6b5040b42d8fd02c5e218fd4444a1915aad7990b9f2a6594e84a64573b9a0c8
27,gilles-027-amo-chalmeros,AMO-chalmeros,,gilles-027-amo-chalmeros/ruta.gpx,4.444,187,ausente,,,no,pendiente,sin-elevacion,8e9ad79b1b5ab0bfcd10d6fbd7315e1c3e3bed317c36bcb1526ce229043805b6
28,gilles-028-ams-a-la-poza-de-quetzalcoatl-1,AMS-a la poza de Quetzalcóatl 1,AMS-a la poza de Quetzalcóatl 1 1,gilles-028-ams-a-la-poza-de-quetzalcoatl-1/ruta.gpx,3.884,162,ausente,,,no,pendiente,nombre-con-sufijo-numerico|sin-elevacion|nombre-difiere-entre-fuentes,97b2700e00490ee0aec6a5cc076b396fe2796d0cf8912f272c0f303b1286a29f
29,gilles-029-ams-caminoaltoalapoza,AMS-caminoAltoAlaPoza,AMS-caminoAltoAlaPoza 1,gilles-029-ams-caminoaltoalapoza/ruta.gpx,1.395,40,ausente,,,no,pendiente,tramo-corto|sin-elevacion|nombre-difiere-entre-fuentes,d6eaefb5e53886196c37489e015b9521ddaab5fcf28562afb6dd6c7060f8cd1d
30,gilles-030-ams-conexion-1,AMS-conexión-1,AMS-conexión-1 1,gilles-030-ams-conexion-1/ruta.gpx,0.435,15,ausente,,,no,pendiente,tramo-muy-corto|posible-conector|nombre-con-sufijo-numerico|sin-elevacion|nombre-difiere-entre-fuentes,e32905a831f32514d9b05e0f6136117101838b0dda9832a35391126bee9c3154
31,gilles-031-ams-conexion-2,AMS-conexión-2,,gilles-031-ams-conexion-2/ruta.gpx,0.272,12,ausente,,,no,pendiente,tramo-muy-corto|posible-conector|nombre-con-sufijo-numerico|sin-elevacion,f720fd9ef282846df608a6e38b7ccd0b924ead6ff4c7df63dd038b7865462726
32,gilles-032-ams-conexion-3,AMS-conexión-3,,gilles-032-ams-conexion-3/ruta.gpx,0.584,37,ausente,,,no,pendiente,tramo-corto|posible-conector|nombre-con-sufijo-numerico|sin-elevacion,3d74cd11a1f04ce15c334f16478a138cc9aad06888b8732571b69ae6c5544842
33,gilles-033-ams-ctur-porelpuerto,AMS-Ctur-porelPuerto,AMS-Ctur-porelPuerto 1,gilles-033-ams-ctur-porelpuerto/ruta.gpx,1.478,48,ausente,,,no,pendiente,tramo-corto|sin-elevacion|nombre-difiere-entre-fuentes,92af1b4c7378d576cd86f603c9a7a3563dc5bdd40b61812b6e26f196d1a83ecb
34,gilles-034-ams-pazachamilpa,AMS-PazaChamilpa,,gilles-034-ams-pazachamilpa/ruta.gpx,0.372,14,ausente,,,no,pendiente,tramo-muy-corto|sin-elevacion,a6e763002c215e2b6588b3246f4f6a8efae36e4d70903418df3ad53fcbe8e641
35,gilles-035-ams-porelcocrodilo,AMS-porElCocrodilo,AMS-porElCocrodilo 1,gilles-035-ams-porelcocrodilo/ruta.gpx,2.792,99,ausente,,,no,pendiente,sin-elevacion|nombre-difiere-entre-fuentes,50b162fe6f04c6cbcf691a2663b86cce8c71f3990f2f5b40cf4203bae724dfc5
36,gilles-036-at4-a-la-catedral,AT4-a la catedral,,gilles-036-at4-a-la-catedral/ruta.gpx,0.696,31,ausente,,,no,pendiente,tramo-corto|sin-elevacion,03b870ea977d82ffd5340fc9bb1fa243be7049a39ab2c570b07c03c3fb93f499
37,gilles-037-at4-al-salto-del-aire,AT4-al salto del Aire,,gilles-037-at4-al-salto-del-aire/ruta.gpx,0.232,22,ausente,,,no,pendiente,tramo-muy-corto|sin-elevacion,07a32acbdae84e49d2fc1f99443e75aa8f85251c88de494517a9e3b1ae1fa3be
38,gilles-038-at4-alterna,AT4-alterna,,gilles-038-at4-alterna/ruta.gpx,0.245,11,ausente,,,no,pendiente,tramo-muy-corto|sin-elevacion,a713049992485369b1cceac1f4258ba9982a7f101dc543ca9c2d8acebaeb8472
39,gilles-039-at4-conexion,AT4-conexión,,gilles-039-at4-conexion/ruta.gpx,0.606,24,ausente,,,no,pendiente,tramo-corto|posible-conector|sin-elevacion,b1f82f3a59709c39912ac3c6be559b4340d16f90e9b5f79a8d71e4ce6a9b4bee
40,gilles-040-at4-cresta,AT4-cresta,,gilles-040-at4-cresta/ruta.gpx,1.891,71,ausente,,,no,pendiente,tramo-corto|sin-elevacion,ed8be62532597c00246c74ab469fcb0fd2534b62d92e7f3676f0045b0dace154
41,gilles-041-at4-cuatro-peldanos,AT4-cuatro peldaños,,gilles-041-at4-cuatro-peldanos/ruta.gpx,0.352,21,ausente,,,no,pendiente,tramo-muy-corto|sin-elevacion,8d6fb06d6ddb00e7947bdd83712aa7c7447c7f4bbc5eb0e8118a9ba9cdafb769
42,gilles-042-at4-la-canada,AT4-la cañada,,gilles-042-at4-la-canada/ruta.gpx,2.235,89,ausente,,,no,pendiente,sin-elevacion,d642a71004422a0b7cc0e31395f15b24e26fbe8021ae8fe1cc15ffff7508ebbb
43,gilles-043-at4-mirador-norte,AT4-mirador norte,,gilles-043-at4-mirador-norte/ruta.gpx,1.915,80,ausente,,,no,pendiente,tramo-corto|sin-elevacion,1ab241dd30b6b107598dd75b889a39d7cda921910167f154aaa79bab4b94f0e6
44,gilles-044-at4-por-casa-de-jill,AT4-por casa de Jill,,gilles-044-at4-por-casa-de-jill/ruta.gpx,0.741,52,ausente,,,no,pendiente,tramo-corto|sin-elevacion,9d321b1f7a0f48da0147a7478f911ed38e774abffdc8e0646e6503d78a77f1b7
45,gilles-045-at4-por-la-maravillosa,AT4-por la maravillosa,,gilles-045-at4-por-la-maravillosa/ruta.gpx,1.277,95,ausente,,,no,pendiente,tramo-corto|sin-elevacion,6637c858e1e7708e85e51b3d43de785b8ff855dd55653c56f0be8e9f53ad4af9
46,gilles-046-at4-por-la-zona-mercado,AT4-por la zona Mercado,,gilles-046-at4-por-la-zona-mercado/ruta.gpx,0.894,44,ausente,,,no,pendiente,tramo-corto|sin-elevacion,7a1d84873fc5b15e2982e218a7a1a739178c7becff498bfaac0cf5ba0e44f156
47,gilles-047-at4-venaditos,AT4-venaditos,,gilles-047-at4-venaditos/ruta.gpx,0.722,36,ausente,,,no,pendiente,tramo-corto|sin-elevacion,f12b9887217c76b0a008a1f5183e55ce7c020c6277dafde1b6e3b16cb21de845
48,gilles-048-at4-vuelata-arriba-de,AT4-vuelata arriba de...,,gilles-048-at4-vuelata-arriba-de/ruta.gpx,0.999,71,ausente,,,no,pendiente,tramo-corto|sin-elevacion,ae444b1b457d6a9201ee3be539269cfd922bd6baa51a0b9aba91f879502804d1
49,gilles-049-ato-atongo-a-a-c,ATO-Atongo a A.C.,,gilles-049-ato-atongo-a-a-c/ruta.gpx,1.128,14,ausente,,,no,pendiente,tramo-corto|sin-elevacion,f3169cab0fcb9f62a9d6e6adb5d67790682f88bdb77e0d3c037ae86706d27f1a
50,gilles-050-c-bosque-lateral,C.Bosque- lateral,,gilles-050-c-bosque-lateral/ruta.gpx,0.325,18,completa,2237.6,2268.0,no,pendiente,tramo-muy-corto,d6e79f240375d9914b42fb44407540e9ad4503ba96c59cb26da4edd24a02cb19
51,gilles-051-c-bosque-a-c-a-amatlan,C.Bosque-A.C. a Amatlán,,gilles-051-c-bosque-a-c-a-amatlan/ruta.gpx,6.227,190,ausente,,,no,pendiente,sin-elevacion,221f0cda6903fa6fd449e70d81268c803722be62a52d624fab1d733acc69bf64
52,gilles-052-c-bosque-cadena,C.Bosque-cadena,,gilles-052-c-bosque-cadena/ruta.gpx,1.134,25,ausente,,,no,pendiente,tramo-corto|sin-elevacion,a67ea4be210b776c184742efd9bf4f4d1fb6739ca0be0231fd043663ca17e67a
53,gilles-053-c-bosque-camino-a-la-mojonera,C.Bosque-camino a la mojonera,,gilles-053-c-bosque-camino-a-la-mojonera/ruta.gpx,4.305,48,ausente,,,no,pendiente,sin-elevacion,bcb165428c6624af616c1c64ff7715097ec0bb17c78d1a20b79f45ebf5063845
54,gilles-054-c-bosque-camino-a-tlanepantla,C.Bosque-camino a Tlanepantla,,gilles-054-c-bosque-camino-a-tlanepantla/ruta.gpx,7.722,86,ausente,,,no,pendiente,sin-elevacion,f4d1ded241d71eb3914ba7c2104e2c5308edc13ee1e62d3a6c8aa157881481ee
55,gilles-055-c-bosque-camino-del-bosque,C.Bosque-camino del bosque,,gilles-055-c-bosque-camino-del-bosque/ruta.gpx,3.514,50,ausente,,,no,pendiente,sin-elevacion,9c702f17b8bc4211e07e0d4888db9bb1782a87a0bc293711721e3d9094398b4f
56,gilles-056-c-bosque-canada-3a,C.Bosque-cañada 3ª,,gilles-056-c-bosque-canada-3a/ruta.gpx,0.792,10,ausente,,,no,pendiente,tramo-corto|sin-elevacion,8278c55a593f4306800ad7e4c97abcd090c59c925f09284adcfc0fb50bb0c01f
57,gilles-057-c-bosque-canada-5a,C.Bosque-cañada 5ª,,gilles-057-c-bosque-canada-5a/ruta.gpx,1.893,41,ausente,,,no,pendiente,tramo-corto|sin-elevacion,dc9cd2517d3d51d9d32315180520efb64e79d15273c88f25c59da5e674d78bec
58,gilles-058-c-bosque-canada-de-la-piramide,C.Bosque-cañada de la pirámide,,gilles-058-c-bosque-canada-de-la-piramide/ruta.gpx,1.956,29,ausente,,,no,pendiente,tramo-corto|sin-elevacion,eaa0a34da0d5303fd895c2c65b65575ae7db7fc55da3ce2a72d5ef626e019416
59,gilles-059-c-bosque-canada-del-toro,C.Bosque-cañada del toro,,gilles-059-c-bosque-canada-del-toro/ruta.gpx,1.393,44,ausente,,,no,pendiente,tramo-corto|sin-elevacion,a195f8b1c7000b8c41e3d42bb8fa23b1d8924ad0590c79ccc764a766774db4eb
60,gilles-060-c-bosque-conexion-2,C.Bosque-conexion-2,,gilles-060-c-bosque-conexion-2/ruta.gpx,0.050,2,ausente,,,no,pendiente,tramo-muy-corto|posible-conector|nombre-con-sufijo-numerico|sin-elevacion,291473cb0b445abf4a8450caec05ed85511d3e118da641a54e5932c0094a3ac4
61,gilles-061-c-bosque-conexion-1,C.Bosque-conexión-1,,gilles-061-c-bosque-conexion-1/ruta.gpx,1.042,33,ausente,,,no,pendiente,tramo-corto|posible-conector|nombre-con-sufijo-numerico|sin-elevacion,69368f81d49ba39f2a4d1233075e41a2ecec9c1db6e7e19ee5cea4b75a22371a
62,gilles-062-c-bosque-conexion-1-1,C.Bosque-conexión-1-1,,gilles-062-c-bosque-conexion-1-1/ruta.gpx,0.464,9,ausente,,,no,pendiente,tramo-muy-corto|posible-conector|nombre-con-sufijo-numerico|sin-elevacion,04d69140396dcf25ba03688c839434d9521b6a81c9ab554d6e34ddb184a2efff
63,gilles-063-c-bosque-conexion-1-2,C.Bosque-conexión-1-2,,gilles-063-c-bosque-conexion-1-2/ruta.gpx,0.425,8,ausente,,,no,pendiente,tramo-muy-corto|posible-conector|nombre-con-sufijo-numerico|sin-elevacion,233ad2ee5758d199395f2541146f68bcb58dab7bca4f0e1d5f0a90ddb149e878
64,gilles-064-c-bosque-conexion-3,C.Bosque-conexión-3,,gilles-064-c-bosque-conexion-3/ruta.gpx,0.192,9,ausente,,,no,pendiente,tramo-muy-corto|posible-conector|nombre-con-sufijo-numerico|sin-elevacion,bbd66d17d08012c6f7c693cb4e1753bd8d76790107d9328f0d12c1a540b74635
65,gilles-065-c-bosque-conexion-4,C.Bosque-conexión-4,,gilles-065-c-bosque-conexion-4/ruta.gpx,0.685,30,ausente,,,no,pendiente,tramo-corto|posible-conector|nombre-con-sufijo-numerico|sin-elevacion,c6aa68b02691f4626bc0d407a3498be4f5c932a6ebb7250e45e6545350db7d2d
66,gilles-066-c-bosque-conexion-5,C.Bosque-conexión-5,,gilles-066-c-bosque-conexion-5/ruta.gpx,0.333,6,ausente,,,no,pendiente,tramo-muy-corto|posible-conector|nombre-con-sufijo-numerico|sin-elevacion,fc8a614339bd83c4fdab926b26da74ab70eab014952c70f1645355b69eb6c3fd
67,gilles-067-c-bosque-conexion-6,C.Bosque-conexión-6,,gilles-067-c-bosque-conexion-6/ruta.gpx,0.359,14,ausente,,,no,pendiente,tramo-muy-corto|posible-conector|nombre-con-sufijo-numerico|sin-elevacion,515f50f7b754027dbd985c05f19eaafd4b53006d54b188a02ad7f9b348a67c86
68,gilles-068-c-bosque-conexion-7,C.Bosque-conexión-7,,gilles-068-c-bosque-conexion-7/ruta.gpx,0.191,6,ausente,,,no,pendiente,tramo-muy-corto|posible-conector|nombre-con-sufijo-numerico|sin-elevacion,f3a87d1e05135ea987b92eccb4dc1ac377a1ce7c4e15ef651172ca4a7683cc95
69,gilles-069-c-bosque-conexion-8,C.Bosque-conexión-8,,gilles-069-c-bosque-conexion-8/ruta.gpx,0.359,21,ausente,,,no,pendiente,tramo-muy-corto|posible-conector|nombre-con-sufijo-numerico|sin-elevacion,56139a34ffd4955fd10473e05e18e472011a7809a65beb51ae51fde9308fed15
70,gilles-070-c-bosque-conexion-9,C.Bosque-conexión-9,,gilles-070-c-bosque-conexion-9/ruta.gpx,0.088,6,ausente,,,no,pendiente,tramo-muy-corto|posible-conector|nombre-con-sufijo-numerico|sin-elevacion,bc369b402804aff4514a8ae8947e6aa895fdcf8ae0e5627f364094dc91c03903
71,gilles-071-c-bosque-pena-san-giuseppe,C.Bosque-peña San Giuseppe,,gilles-071-c-bosque-pena-san-giuseppe/ruta.gpx,0.223,11,ausente,,,no,pendiente,tramo-muy-corto|sin-elevacion,c7bf7720a37ceec72028297b0d21921b1b99357b66eb9c47068a97f47479f07b
72,gilles-072-c-bosque-tiroleza,C.Bosque-tiroleza,,gilles-072-c-bosque-tiroleza/ruta.gpx,1.024,24,ausente,,,no,pendiente,tramo-corto|sin-elevacion,f7db8e7f53f8bccb33e6b76125d6da34a469be83d7634acb9904a54f7f2e04f7
73,gilles-073-c-bosque-vuelta-por-los-amantes,C.Bosque-vuelta por Los Amantes,,gilles-073-c-bosque-vuelta-por-los-amantes/ruta.gpx,1.200,25,ausente,,,no,pendiente,tramo-corto|sin-elevacion,ad4d61b8ce73e7b655b4fe41470abc68693105ee3cf6eed129db0d095787979b
74,gilles-074-cem-a-la-ventana,CEM-a la ventana,,gilles-074-cem-a-la-ventana/ruta.gpx,1.949,99,ausente,,,no,pendiente,tramo-corto|sin-elevacion,0df28cf7fd1ccabb3905186c96c673d0dc96e044c8b4f1bd317521ddd98f1eba
75,gilles-075-cem-a-san-andres,CEM-a San Andrés,,gilles-075-cem-a-san-andres/ruta.gpx,4.453,204,ausente,,,no,pendiente,sin-elevacion,31c6a3f671681fffd2876606e1e3fcb0bdc50a4473cd488249917207623d7711
76,gilles-076-cem-a-santiago-tepetlapa,CEM-a Santiago Tepetlapa,,gilles-076-cem-a-santiago-tepetlapa/ruta.gpx,4.959,163,ausente,,,no,pendiente,sin-elevacion,5c80817f5930ef1626702a4e4b378e2019efc0f4135a41323f67435f9750952c
77,gilles-077-cem-abajo-de-la-santiago,CEM-abajo de la Santiago,,gilles-077-cem-abajo-de-la-santiago/ruta.gpx,2.412,144,completa,1569.7,1870.7,no,pendiente,,80b9a157d453181107563bc418b14248d872748ed14694a43f19dc4f14746a1b
78,gilles-078-cem-carretera-al-vigilante,CEM-carretera al vigilante,,gilles-078-cem-carretera-al-vigilante/ruta.gpx,0.959,41,completa,1638.1,1737.8,no,pendiente,tramo-corto,07b720140ca9975aa4447e3e5e9e48b47397a4416c03648c86aa82a9fa41f26d
79,gilles-079-cem-conexion,CEM-conexión,,gilles-079-cem-conexion/ruta.gpx,0.539,23,completa,1788.5,1810.8,no,pendiente,tramo-corto|posible-conector,49fc15c05a11c5983527256682e8e2ca3d31e7e17fe3b60f4984dec72fb9c4ca
80,gilles-080-cem-conexion-con-la-pista,CEM-conexión con la pista,,gilles-080-cem-conexion-con-la-pista/ruta.gpx,0.344,25,completa,1708.5,1818.0,no,pendiente,tramo-muy-corto|posible-conector,411292a1bc0430940372abaa0e5af25752c8cdfa206a5a827bdfbdf875e4b3fa
81,gilles-081-cem-conexion-ventana,CEM-conexión ventana,,gilles-081-cem-conexion-ventana/ruta.gpx,0.644,37,ausente,,,no,pendiente,tramo-corto|posible-conector|sin-elevacion,370f9503d2ccfbbbb58607955d781ed5f91deb3886d9e505a6a8b9575954cdfc
82,gilles-082-cem-majestuosa-desde-abajo,CEM-majestuosa (desde abajo),,gilles-082-cem-majestuosa-desde-abajo/ruta.gpx,1.282,90,ausente,,,no,pendiente,tramo-corto|sin-elevacion,bf07ba3df1421767ae3eaa9f5082d720bb09a0b7b51e0d9c182adc1a55497689
83,gilles-083-cem-majestuosa-desde-arriba,CEM-majestuosa (desde arriba),,gilles-083-cem-majestuosa-desde-arriba/ruta.gpx,0.352,30,completa,1657.1,1790.1,no,pendiente,tramo-muy-corto,710d88be9f240c5a6f87d73d50b25c5e54f8cff30b54176951439906475d0b62
84,gilles-084-cem-por-la-cresta,CEM-por la cresta,,gilles-084-cem-por-la-cresta/ruta.gpx,1.396,86,ausente,,,no,pendiente,tramo-corto|sin-elevacion,1afedab8aea2cba5346babb342fdd7bdf9322eff7ca7c3179e8c6ae3adc49f05
85,gilles-085-cha-conexion,CHA-conexión,,gilles-085-cha-conexion/ruta.gpx,0.229,17,ausente,,,no,pendiente,tramo-muy-corto|posible-conector|sin-elevacion,7ff6086259637b47a55eccb3c06db584e26b29c2288044839f5980679202e01f
86,gilles-086-cha-cumbre,CHA-cumbre,,gilles-086-cha-cumbre/ruta.gpx,1.279,60,ausente,,,no,pendiente,tramo-corto|sin-elevacion,aea6c086fdf823aafa2fa0cbe3d9fd9fec261cee5ec3336c1067103e241d7335
87,gilles-087-cor-cresta,COR-cresta,,gilles-087-cor-cresta/ruta.gpx,1.706,59,completa,1471.0,1642.0,no,pendiente,tramo-corto,fc1b3c74923a1d538b3d2fe8b4cb353ee8bc1ea29ba71a94c6296069b26e31c5
88,gilles-088-cor-cumbre,COR-cumbre,,gilles-088-cor-cumbre/ruta.gpx,2.275,113,completa,1671.9,1835.2,no,pendiente,,6b85ef7358b85889a0bc98141d15fc79f9dfdeaa514875c4e08b96a696e5d549
89,gilles-089-cor-oriente,COR-oriente,,gilles-089-cor-oriente/ruta.gpx,1.609,55,completa,1514.3,1599.4,no,pendiente,tramo-corto,eafef71c015aa60953b5eeb4450c87d9bbdbe5b96664b6cc867f2a293393e7e5
90,gilles-090-cor-poniente,COR-poniente,,gilles-090-cor-poniente/ruta.gpx,2.751,101,completa,1494.7,1758.0,no,pendiente,,1d727eb9fc64acc5b4384ec634319a1d42002be1354a78f87a46f50e327eb977
91,gilles-091-cor-principal,COR-principal,,gilles-091-cor-principal/ruta.gpx,4.761,133,completa,1476.1,1805.7,no,pendiente,,d47e90f070a48e712848dc14cdf63ef5a8a00651efb8dd14d9538d54c564d7c6
92,gilles-092-exvia,EXVIA,,gilles-092-exvia/ruta.gpx,31.718,599,completa,1777.8,2668.4,no,pendiente,nombre-ambiguo,13163e734b30ecca181535e7e6fed26c7f6c6e5c1a6426bb6d5bd771d7f16103
93,gilles-093-iba-amatlan,IBA-Amatlán,,gilles-093-iba-amatlan/ruta.gpx,3.618,37,completa,1299.9,1495.1,no,pendiente,,f8eb94dcd8b49ca906657d7a647bff4668a889fcea3de0c9e5d6224aea19e25a
94,gilles-094-luz-a-meztitla,Luz-a Meztitla,,gilles-094-luz-a-meztitla/ruta.gpx,1.177,70,ausente,,,no,pendiente,tramo-corto|sin-elevacion,64c121fec2b02e95e1580a07fe4e33fe7baf2bdcca61c06b3bad42365959f8dc
95,gilles-095-luz-a-tepoztlan,Luz-a Tepoztlán,,gilles-095-luz-a-tepoztlan/ruta.gpx,0.644,38,ausente,,,no,pendiente,tramo-corto|sin-elevacion,80fbdcf05a87e89ce1c3399fb6bc29a9beea23c99ca25380547b97cf1032c222
96,gilles-096-luz-atajo-a-la-cumbre,Luz-atajo a la cumbre,,gilles-096-luz-atajo-a-la-cumbre/ruta.gpx,0.184,18,ausente,,,no,pendiente,tramo-muy-corto|sin-elevacion,70882cd1c4fee07b1b69731efd7689590755dfa1808b46005c9d2b5b603cd9ce
97,gilles-097-luz-atajo-a-la-vuelta,Luz-atajo a la vuelta,,gilles-097-luz-atajo-a-la-vuelta/ruta.gpx,0.469,24,ausente,,,no,pendiente,tramo-muy-corto|sin-elevacion,40b45908ebc4060834408c26830bcc9dc3cd4463c3cc81ac60e54dbb26470513
98,gilles-098-luz-conexion-con-abajo,Luz-conexión con abajo,,gilles-098-luz-conexion-con-abajo/ruta.gpx,0.400,7,ausente,,,no,pendiente,tramo-muy-corto|posible-conector|sin-elevacion,11ac05cec8a15bfd04450f40e89e345ec9321cf60ed2bba4c21f8c733641dab6
99,gilles-099-luz-conexion-desde-el-panteon,Luz-conexión desde el pantéón,,gilles-099-luz-conexion-desde-el-panteon/ruta.gpx,0.167,11,ausente,,,no,pendiente,tramo-muy-corto|posible-conector|sin-elevacion,15e1dda04b2155b9a3af84739f4304b1516bea7a1ea710c41ce218b39450298f
100,gilles-100-luz-conexion-meztitla-tepoztlan,Luz-conexión Meztitla-Tepoztlán,,gilles-100-luz-conexion-meztitla-tepoztlan/ruta.gpx,0.522,29,ausente,,,no,pendiente,tramo-corto|posible-conector|sin-elevacion,35ede26596c03356902744ba6c66a054776952b2d1a1205a7fa4734673e30f9d
101,gilles-101-luz-cumbre,Luz-cumbre,,gilles-101-luz-cumbre/ruta.gpx,0.404,17,completa,2346.5,2363.4,no,pendiente,tramo-muy-corto,8f445ce9c2a3a73ff9ff014651e021f62862171afb89d1af97585b5f8623951e
102,gilles-102-luz-del-ac-a-la-vuelta,Luz-del AC a la vuelta,,gilles-102-luz-del-ac-a-la-vuelta/ruta.gpx,0.568,27,completa,2258.2,2336.9,no,pendiente,tramo-corto,4f20ecd83ed4ce2c33114342241066a0a4dfa3670eb25df1f63153c038b8936d
103,gilles-103-luz-entrada,Luz-entrada,,gilles-103-luz-entrada/ruta.gpx,0.853,20,ausente,,,no,pendiente,tramo-corto|sin-elevacion,2403a2a91f0c437e5948b34c6dd2a74c0278491920214b0ff2ead8a74a2626dd
104,gilles-104-luz-lateral-abajo-de-1,Luz-lateral abajo de 1,,gilles-104-luz-lateral-abajo-de-1/ruta.gpx,1.624,90,ausente,,,no,pendiente,tramo-corto|nombre-con-sufijo-numerico|sin-elevacion,3a5469cda2798b8236c9b2132e3331a5f7269ff7b696f9d845ed5a0e5b563843
105,gilles-105-luz-panteon-1,Luz-panteón-1,,gilles-105-luz-panteon-1/ruta.gpx,0.208,15,ausente,,,no,pendiente,tramo-muy-corto|nombre-con-sufijo-numerico|sin-elevacion,92bc3d0a54b57d2433629f369ad54c5339312874693d7d0b9325e7c8ff506f02
106,gilles-106-luz-panteon-2,Luz-panteón-2,,gilles-106-luz-panteon-2/ruta.gpx,0.483,9,completa,2312.9,2351.0,no,pendiente,tramo-muy-corto|nombre-con-sufijo-numerico,f2c9e49cf56c428027ee0b77432e3d0c6b814901dfb3dedba42003beb5b04e93
107,gilles-107-luz-panteon-3,Luz-panteón-3,,gilles-107-luz-panteon-3/ruta.gpx,0.242,13,ausente,,,no,pendiente,tramo-muy-corto|nombre-con-sufijo-numerico|sin-elevacion,3211d6e8a8182d23b7b04dc5ef310bf5674b5a7787e0a890f10fe81bb310fd54
108,gilles-108-luz-por-la-cuspide,Luz-por la cúspide,,gilles-108-luz-por-la-cuspide/ruta.gpx,0.263,19,ausente,,,no,pendiente,tramo-muy-corto|sin-elevacion,ca629d34609cd64bd3d2e442b1a0acbd289ac3841692fff06939f25da7ea67e0
109,gilles-109-luz-vuelta,Luz-vuelta,,gilles-109-luz-vuelta/ruta.gpx,2.022,86,completa,2274.8,2351.0,si,pendiente,circuito-cerrado,1141a52d731539cf8e7b5c895fb8ba83f3df46b9848c4a9f237ba50c1eca9194
110,gilles-110-mez-al-muro-de-cactus,MEZ-al muro de cactus,,gilles-110-mez-al-muro-de-cactus/ruta.gpx,1.527,30,ausente,,,no,pendiente,tramo-corto|sin-elevacion,b563a7e5e706380fbfcc59ca438e5ad0ce20e5ace7c019d696a5a5239814f2fd
111,gilles-111-mez-atongo-a-meztitla,MEZ-Atongo a Meztitla,,gilles-111-mez-atongo-a-meztitla/ruta.gpx,1.023,13,ausente,,,no,pendiente,tramo-corto|sin-elevacion,2063d0b237da014453d086648e3a6275b3fbd22b702746953e200e0c9daad958
112,gilles-112-mez-bajada,MEZ-bajada,,gilles-112-mez-bajada/ruta.gpx,0.185,13,ausente,,,no,pendiente,tramo-muy-corto|sin-elevacion,13c9f39d50c4cbd35d6ed2b92e1ca3468902ed127de961df9ee7fa8a97e4d1c6
113,gilles-113-mez-camino-a-meztitla,MEZ-camino a Meztitla,,gilles-113-mez-camino-a-meztitla/ruta.gpx,0.643,9,ausente,,,no,pendiente,tramo-corto|sin-elevacion,ecce5b5e378e73870f4e39fc92f88fbbae6ae4258c7dc3924b3377e7fda031bc
114,gilles-114-mez-entrada-central,MEZ-entrada central,,gilles-114-mez-entrada-central/ruta.gpx,0.451,4,ausente,,,no,pendiente,tramo-muy-corto|sin-elevacion,052ee09c588c628987404d493d55d8b4e313a7579e53ed0161d504f4d69b67ec
115,gilles-115-mez-entrada-oriente,MEZ-entrada oriente,,gilles-115-mez-entrada-oriente/ruta.gpx,0.577,17,ausente,,,no,pendiente,tramo-corto|sin-elevacion,12d3c7f446d23c6f99e85e9e6dac547611b5a759c15162589e4f3b3ba56ac65d
116,gilles-116-mez-por-el-arroyo,MEZ-por el arroyo,,gilles-116-mez-por-el-arroyo/ruta.gpx,0.263,13,ausente,,,no,pendiente,tramo-muy-corto|sin-elevacion,0afa188d8e79075fca22d648a576e857a0a70db3abace1580372be59f493f96e
117,gilles-117-mez-por-el-tubo,MEZ-por el tubo,,gilles-117-mez-por-el-tubo/ruta.gpx,1.762,120,ausente,,,no,pendiente,tramo-corto|sin-elevacion,ec30497636c26bdc4b14d0d47573266c3e647a99f5c4a7d33324ed94da69d680
118,gilles-118-mez-por-la-oficina,MEZ-por la oficina,,gilles-118-mez-por-la-oficina/ruta.gpx,0.261,10,ausente,,,no,pendiente,tramo-muy-corto|sin-elevacion,9fdb338e036f802aaf9e4a47b8b73fbd4bae8b332d7de482b6ebdd84ffdfe9fd
119,gilles-119-mez-por-la-presa,MEZ-por la presa,,gilles-119-mez-por-la-presa/ruta.gpx,0.471,30,ausente,,,no,pendiente,tramo-muy-corto|sin-elevacion,bb002f88efc238c9e3fb0bdf517897b0081e21092fda0b0412a720ff4d6c59d2
120,gilles-120-mez-por-las-cascadas,MEZ-por las cascadas,,gilles-120-mez-por-las-cascadas/ruta.gpx,0.577,10,ausente,,,no,pendiente,tramo-corto|sin-elevacion,499ae5f50eb952c98032335e3090edb97dbfd03353192f1ab556c00ae30f7f9e
121,gilles-121-mez-por-los-miradores,MEZ-por los miradores,,gilles-121-mez-por-los-miradores/ruta.gpx,0.269,13,ausente,,,no,pendiente,tramo-muy-corto|sin-elevacion,1bfd9fd70c7b4544e8799028c258544bc7e2d6940011bd2285bc10c8445c7a5f
122,gilles-122-mez-por-piedras-grises,MEZ-por piedras grises,,gilles-122-mez-por-piedras-grises/ruta.gpx,0.801,18,ausente,,,no,pendiente,tramo-corto|sin-elevacion,47174f5d935a25aa47413c9f516a9bbc96c01679db7a2f72c6eb13d9f5ed8c00
123,gilles-123-mez-vereda-denise,MEZ-vereda-Denise,,gilles-123-mez-vereda-denise/ruta.gpx,0.479,25,completa,1986.9,2097.8,no,pendiente,tramo-muy-corto,c41d536e045a6ca954e27046829ca35faa239462711e271d1548853e9e4326b7
124,gilles-124-sac-a-la-cruz,SAC-a la Cruz,,gilles-124-sac-a-la-cruz/ruta.gpx,1.727,60,ausente,,,no,pendiente,tramo-corto|sin-elevacion,6f4a601a9cd5346200ece67f6263cce3d309c4f0290c56de7e39ca16dba43b5f
125,gilles-125-sac-a-las-torres,SAC-a las torres,,gilles-125-sac-a-las-torres/ruta.gpx,0.741,26,ausente,,,no,pendiente,tramo-corto|sin-elevacion,1fcff72a14b6779fa2b27fc0a776da50b0fe1c27ab58850cb791f5304795004e
126,gilles-126-sac-de-las-torres-a-la-carretera,SAC-de las torres a la carretera,,gilles-126-sac-de-las-torres-a-la-carretera/ruta.gpx,0.507,37,ausente,,,no,pendiente,tramo-corto|sin-elevacion,da4278d7f3205786ae0a84b20a661980b41423854b9bcef47c0d8fec9abf537c
127,gilles-127-sac-del-as-torres-al-pueblo,SAC-del as torres al pueblo,,gilles-127-sac-del-as-torres-al-pueblo/ruta.gpx,2.253,79,ausente,,,no,pendiente,sin-elevacion,cd4d6b8b6b861d937ef77fa9f70ba5e4372b3d615f48343093ec898b222eb6da
128,gilles-128-sca-camino-oriente,SCA-camino oriente,,gilles-128-sca-camino-oriente/ruta.gpx,4.314,75,completa,1481.9,1694.1,no,pendiente,,5b87c5447ac7bf70e3da7c3c7824fd703ebd1570b8235a0eac75ff501ec9ab7b
129,gilles-129-sdn-conexion-1,SDN-conexión-1,,gilles-129-sdn-conexion-1/ruta.gpx,1.027,50,ausente,,,no,pendiente,tramo-corto|posible-conector|nombre-con-sufijo-numerico|sin-elevacion,81d3ff3f518b6877c720c03d6793374af18a2fb798cd947526c94f1fea1af4be
130,gilles-130-sdn-conexion-2,SDN-conexión-2,,gilles-130-sdn-conexion-2/ruta.gpx,0.480,25,ausente,,,no,pendiente,tramo-muy-corto|posible-conector|nombre-con-sufijo-numerico|sin-elevacion,70478d3c63fbe8b0dd7dadb372590d6d1a99ea16b49696b021d4dafe05bc5b86
131,gilles-131-sdn-lateral,SDN-lateral,,gilles-131-sdn-lateral/ruta.gpx,2.613,85,ausente,,,no,pendiente,sin-elevacion,7eed5e3221fe2fc620d938eee886ffede4376cec061e99fff855e40aaa0275fa
132,gilles-132-sdo-bajada-df-amatlan,SDO-bajada DF-Amatlán,,gilles-132-sdo-bajada-df-amatlan/ruta.gpx,3.327,100,ausente,,,no,pendiente,sin-elevacion,baa2da88b77baa6ac7ab4e14973f730f398664d8287155c089d469b59f59e085
133,gilles-133-sdo-conexion-1,SDO-conexión-1,,gilles-133-sdo-conexion-1/ruta.gpx,0.422,12,ausente,,,no,pendiente,tramo-muy-corto|posible-conector|nombre-con-sufijo-numerico|sin-elevacion,0f71acc66846bfaa49bc128db61a359b246f3c51ac2655e609a26eb1681aa89e
134,gilles-134-sdo-conexion-2,SDO-conexión-2,,gilles-134-sdo-conexion-2/ruta.gpx,0.458,22,ausente,,,no,pendiente,tramo-muy-corto|posible-conector|nombre-con-sufijo-numerico|sin-elevacion,c029e557cdf4aedb71d9e1d10acc9bc7d11ea116ef8c0ac915928386c8482f7c
135,gilles-135-sdo-conexion-3,SDO-conexión-3,,gilles-135-sdo-conexion-3/ruta.gpx,0.095,11,ausente,,,no,pendiente,tramo-muy-corto|posible-conector|nombre-con-sufijo-numerico|sin-elevacion,e347784cd9b6ce51b9a41c50887e7a4a91fbdaaa0d18a008864ef48caccba203
136,gilles-136-sdo-cumbre-del-cerro-huitzilac,SDO-cumbre del cerro Huitzilac,,gilles-136-sdo-cumbre-del-cerro-huitzilac/ruta.gpx,0.440,22,ausente,,,no,pendiente,tramo-muy-corto|sin-elevacion,ffb4fd6f7014854c6c68e3cf690e75d357d128423040c43f78eed4e66e4c48fd
137,gilles-137-sdo-df,SDO-DF,,gilles-137-sdo-df/ruta.gpx,9.156,399,ausente,,,no,pendiente,sin-elevacion,030ca7401c271a134601ac51db35a5f43c920b3b8e8616234b9c0b26493a2797
138,gilles-138-sdo-df-a-milpa-alta,SDO-DF a Milpa Alta,,gilles-138-sdo-df-a-milpa-alta/ruta.gpx,13.767,207,ausente,,,no,pendiente,sin-elevacion,2f9371ec91831a0839745067552a897863a84b309efc127382b7123218372232
139,gilles-139-sdo-lateral-arriba,SDO-lateral arriba,,gilles-139-sdo-lateral-arriba/ruta.gpx,0.364,20,ausente,,,no,pendiente,tramo-muy-corto|sin-elevacion,c9a6096a52acd3fa99dff2c524a487584c5a92adeacfbeadfbd2b25e5565ac34
140,gilles-140-sdo-subida-1,SDO-subida-1,,gilles-140-sdo-subida-1/ruta.gpx,1.860,93,ausente,,,no,pendiente,tramo-corto|nombre-con-sufijo-numerico|sin-elevacion,822170535e77ea07b72f84799bb39b00e6982936d63fef3c0bdd6ae06758d049
141,gilles-141-sdo-subida-2,SDO-subida-2,,gilles-141-sdo-subida-2/ruta.gpx,1.612,62,ausente,,,no,pendiente,tramo-corto|nombre-con-sufijo-numerico|sin-elevacion,4ea5677a20aae803c0e6c209d7baa52172b467cc39b2269eabdab43eba78dd82
142,gilles-142-sdo-vuelta-arriba,SDO-vuelta arriba,,gilles-142-sdo-vuelta-arriba/ruta.gpx,5.333,205,ausente,,,no,pendiente,sin-elevacion,c972cce72a7ab84e1966e950ce61c359eb8c5105382df5319b34d4cd2fda4b35
143,gilles-143-sj-sd-a-c,SJ-SD- A.C.,,gilles-143-sj-sd-a-c/ruta.gpx,3.625,36,ausente,,,no,pendiente,sin-elevacion,dfec71e3cd4c61807e296c68a2ed97c780561726b1e94a8f4ba66f0abf0f1626
144,gilles-144-sj-sd-por-la-cresta,SJ-SD-por la cresta,,gilles-144-sj-sd-por-la-cresta/ruta.gpx,3.807,58,ausente,,,no,pendiente,sin-elevacion,057a5adef7c425387b92ab951a898b36d00be16aad55aec84d8874915c120626
145,gilles-145-sje-a-c-al-df-por-las-cruces,SJE-A.C. al DF por las cruces,,gilles-145-sje-a-c-al-df-por-las-cruces/ruta.gpx,4.838,104,ausente,,,no,pendiente,sin-elevacion,7c064bbfa63f70fe09706139c85e062618cde5614f5823992b8a84b52e7e4216
146,gilles-146-sje-canada,SJE-cañada,,gilles-146-sje-canada/ruta.gpx,0.651,16,ausente,,,no,pendiente,tramo-corto|sin-elevacion,0a3e31f1cbfead724e459ce2c008624cfe6280e216bafe5b85e668b5687d365e
147,gilles-147-sje-por-el-arroyo,SJE-por el arroyo,,gilles-147-sje-por-el-arroyo/ruta.gpx,2.542,45,ausente,,,no,pendiente,sin-elevacion,bf5f1ea06b247c7f6897affc96b4ff8e0526c9aa6c6be113fe2f741e86e062fd
148,gilles-148-sje-por-el-magno,SJE-por el Magno,,gilles-148-sje-por-el-magno/ruta.gpx,1.908,70,ausente,,,no,pendiente,tramo-corto|sin-elevacion,27a7606014de503eab1985c4fdf64048925e84f2057d8d0d3b850f003768044a
149,gilles-149-sje-subida-en-bosque,SJE-subida en bosque,,gilles-149-sje-subida-en-bosque/ruta.gpx,2.155,24,ausente,,,no,pendiente,sin-elevacion,6ca1afe24f05686bd8d8f453b23daafe2e5734b36650edf30df5ab92a6d168ce
150,gilles-150-sje-tres-vistas,SJE-tres vistas,,gilles-150-sje-tres-vistas/ruta.gpx,1.518,40,ausente,,,no,pendiente,tramo-corto|sin-elevacion,0dac4b5cf579400166680ab6947b8d5fedbb8a662ce27e23c488976977f01283
151,gilles-151-sjp-bypass-1,SJP-bypass-1,,gilles-151-sjp-bypass-1/ruta.gpx,2.046,52,ausente,,,no,pendiente,nombre-con-sufijo-numerico|sin-elevacion,7704f412cad8a1d3d4bc85519acfad3e1fc2386eaf967f3f8440e5e6bb4d2e9e
152,gilles-152-sjp-bypass-2,SJP-bypass-2,,gilles-152-sjp-bypass-2/ruta.gpx,1.936,43,completa,2630.0,2931.7,no,pendiente,tramo-corto|nombre-con-sufijo-numerico,578a6c3a144283c2401a4e01b965abff11b41708ed2e1b0f1a75114a3be673ec
153,gilles-153-sjp-calle201504,SJP-calle201504,,gilles-153-sjp-calle201504/ruta.gpx,0.617,13,ausente,,,no,pendiente,tramo-corto|nombre-con-sufijo-numerico|sin-elevacion,050bb8bdd6c0b84aaee6f8fcac08a51346b2a38bed152be9a19fb30ce7a9f7f6
154,gilles-154-sjp-camino-a-la-gruta,SJP-camino a la gruta,,gilles-154-sjp-camino-a-la-gruta/ruta.gpx,1.467,54,ausente,,,no,pendiente,tramo-corto|sin-elevacion,b38d564ee8d81f2683d2068152e27ad75e6386d1f4f64c3db0774b6d5cd402ce
155,gilles-155-sjp-camino-intermedio,SJP-camino intermedio,,gilles-155-sjp-camino-intermedio/ruta.gpx,5.222,129,ausente,,,no,pendiente,sin-elevacion,82a563545cd6a3627aaac01a7e791e18f3de1faafc10e8e1a56e47335cb6f9da
156,gilles-156-sjp-camino-mas-alto,SJP-camino más alto,,gilles-156-sjp-camino-mas-alto/ruta.gpx,1.702,60,completa,2465.2,2733.9,no,pendiente,tramo-corto,93056057dbab1b4b2c3b01daa799bfa29ed67ef9ebec12254ed02c84f06f94dd
157,gilles-157-sjp-camino-ocochcocho,SJP-camino Ocochcocho,,gilles-157-sjp-camino-ocochcocho/ruta.gpx,8.046,275,ausente,,,no,pendiente,sin-elevacion,f390baf1d7e9f8f697dcda349af69c3b33bb0a5ae4ae284ec72f389562d5da42
158,gilles-158-sjp-conexion,SJP-conexión,,gilles-158-sjp-conexion/ruta.gpx,0.395,5,ausente,,,no,pendiente,tramo-muy-corto|posible-conector|sin-elevacion,8066632976641cd8a04902cfe3b091b6d680c32c901c6dbf5bbb8a7eb24e93a8
159,gilles-159-sjp-entre-dos-ex,SJP-entre dos ex,,gilles-159-sjp-entre-dos-ex/ruta.gpx,1.132,92,ausente,,,no,pendiente,tramo-corto|sin-elevacion,0c9b8ff0a4fa7c4a545d0348ca938a96d51fad336c3dc65e2cc25580768cd911
160,gilles-160-sjp-hasta-3000m,SJP-hasta 3000m,,gilles-160-sjp-hasta-3000m/ruta.gpx,5.209,222,ausente,,,no,pendiente,sin-elevacion,a74d15b845719e96adff9915e9606fcf4f9c41ebc999ebfcf009c6dd7c3cba8c
161,gilles-161-sjp-jardin-de-lava,SJP-jardín de lava,,gilles-161-sjp-jardin-de-lava/ruta.gpx,2.277,60,ausente,,,no,pendiente,sin-elevacion,54a533e8a5a62047a33f4bb8ad2170d1614ff02f75b147b40dd5f4f23d3141e0
162,gilles-162-sjp-lateral-alta-central,SJP-lateral alta central,,gilles-162-sjp-lateral-alta-central/ruta.gpx,2.877,49,ausente,,,no,pendiente,sin-elevacion,4f687a5a06a8737b97b9c25f6cbf16cc045a4298ac229f97193948afa6651bc8
163,gilles-163-sjp-lateral-alta-1,SJP-lateral alta-1,,gilles-163-sjp-lateral-alta-1/ruta.gpx,1.869,59,ausente,,,no,pendiente,tramo-corto|nombre-con-sufijo-numerico|sin-elevacion,4c6d394b3ed8f33e42ccfda309d9443b5334451d3ce98bd835ef2cc6de08c6f7
164,gilles-164-sjp-lateral-alta-2,SJP-lateral alta-2,,gilles-164-sjp-lateral-alta-2/ruta.gpx,1.017,35,ausente,,,no,pendiente,tramo-corto|nombre-con-sufijo-numerico|sin-elevacion,b79a2e7c3bde9dd1aa86355a5ec017edd311bb490935c40f4b215e7dc1577fa4
165,gilles-165-sjp-lateral-alta-3,SJP-lateral alta-3,,gilles-165-sjp-lateral-alta-3/ruta.gpx,1.646,47,ausente,,,no,pendiente,tramo-corto|nombre-con-sufijo-numerico|sin-elevacion,f4d64c4fff901168a5e14241ba9bf8314a956315d43b5e817fab6fab408d5e28
166,gilles-166-sjp-lateral-baja,SJP-lateral baja,,gilles-166-sjp-lateral-baja/ruta.gpx,1.474,41,ausente,,,no,pendiente,tramo-corto|sin-elevacion,74b83f7b16e5983c7f23bae40b01e77876ecd17bfcc2e8b2dc423f4d7bed71fd
167,gilles-167-sjp-lateral-baja-2,SJP-lateral baja-2,,gilles-167-sjp-lateral-baja-2/ruta.gpx,2.781,66,ausente,,,no,pendiente,nombre-con-sufijo-numerico|sin-elevacion,a0f0ee3c690487fe6da4c35a877844382cf19e86078a1c24bc275551958f0847
168,gilles-168-sjp-ocochocho,SJP-Ocochocho,,gilles-168-sjp-ocochocho/ruta.gpx,2.932,150,ausente,,,no,pendiente,sin-elevacion,0623b5db825adc1518e971c1024ec45a9f37dd094a7a03f78ae1176503d31772
169,gilles-169-sjp-por-el-ranchito,SJP-por el ranchito,,gilles-169-sjp-por-el-ranchito/ruta.gpx,5.652,141,ausente,,,no,pendiente,sin-elevacion,c979044720d66d511f30ea5cb28b30a154739cbcf002314cb4a59a3ffc0d6914
170,gilles-170-sjp-subida-directa,SJP-subida directa,,gilles-170-sjp-subida-directa/ruta.gpx,2.924,77,ausente,,,no,pendiente,sin-elevacion,bd587ddb8365e5cf3faf99af598ec8eac3cdf9e3a9ee789ec81a0a449c0be114
171,gilles-171-sll-4caminos,SLL-4caminos,,gilles-171-sll-4caminos/ruta.gpx,2.862,99,ausente,,,no,pendiente,sin-elevacion,2c5c4732a05867b94c8c64cf209854df2168208aa36eb626b088483977015ffd
172,gilles-172-sll-4caminos-alg2,SLL-4caminos-alG2,,gilles-172-sll-4caminos-alg2/ruta.gpx,0.742,35,ausente,,,no,pendiente,tramo-corto|nombre-con-sufijo-numerico|sin-elevacion,f7e132a335379c4f0dfe360aa2c989e57fab773d2bec9a26ba738eaf3eb03d29
173,gilles-173-sll-4caminos-maripozas,SLL-4caminos-maripozas,,gilles-173-sll-4caminos-maripozas/ruta.gpx,1.290,63,ausente,,,no,pendiente,tramo-corto|sin-elevacion,6697bc0aabe51fce6c23b5d1ccaa125c352a503dcbd1840fb543baf718273ca6
174,gilles-174-sll-conexion-am-ib,SLL-conexión-AM-IB,,gilles-174-sll-conexion-am-ib/ruta.gpx,3.727,122,ausente,,,no,pendiente,posible-conector|sin-elevacion,a01cf037e2da59ca83307831634f60caa23cc6e6138df0893792a23409aa83e9
175,gilles-175-sll-cruces-4caminos,SLL-cruces-4caminos,,gilles-175-sll-cruces-4caminos/ruta.gpx,1.943,94,ausente,,,no,pendiente,tramo-corto|sin-elevacion,235857498f9354ed84613d3946a008fa83e78506e427bd71ad86c099c346ac0f
176,gilles-176-sll-mariposas-1,SLL-Mariposas-1,,gilles-176-sll-mariposas-1/ruta.gpx,0.173,17,ausente,,,no,pendiente,tramo-muy-corto|nombre-con-sufijo-numerico|sin-elevacion,0e0cd227562d8b0e41c2c246891b52ad4fe4d9517ef4a57ce886b03cd37226c3
177,gilles-177-sll-mariposas-2,SLL-Mariposas-2,,gilles-177-sll-mariposas-2/ruta.gpx,0.207,12,ausente,,,no,pendiente,tramo-muy-corto|nombre-con-sufijo-numerico|sin-elevacion,b06dffb9f9cb83abe1a7d3df0a0a0e693e964daf17dc1d6c4f6625289d4b7c47
178,gilles-178-ta-tlayacapan-i-bastida,TA-Tlayacapán-I.Bastida,,gilles-178-ta-tlayacapan-i-bastida/ruta.gpx,6.101,192,completa,1300.0,1758.5,no,pendiente,,a6175e15efdb47daff6d451e56bd62ff57c14f58f2621d14deb924fce05e0742
179,gilles-179-tep-a-la-piramide,TEP-a la pirámide,,gilles-179-tep-a-la-piramide/ruta.gpx,0.147,15,ausente,,,no,pendiente,tramo-muy-corto|sin-elevacion,1692ccbfa835dd1d2c235d92a2f2ccc68ae78f334e64b336c3531f32519f75c9
180,gilles-180-tep-a-c-alterna,TEP-A.C. alterna,,gilles-180-tep-a-c-alterna/ruta.gpx,0.883,36,completa,1921.9,2038.6,no,pendiente,tramo-corto,2c616c3f5db2448d171ee49354ff2c0eda21ecc291ef6d1d63ebe32fc57c873c
181,gilles-181-tep-calle-la-cumbre,TEP-calle la cumbre,,gilles-181-tep-calle-la-cumbre/ruta.gpx,1.103,11,ausente,,,no,pendiente,tramo-corto|sin-elevacion,89e4c51a1bd6677c4f43af062bdfc7c74f988b7ce76dc95aa5dbce7659737110
182,gilles-182-tep-camino-a-meztitla,TEP-camino a Meztitla,,gilles-182-tep-camino-a-meztitla/ruta.gpx,1.335,48,ausente,,,no,pendiente,tramo-corto|sin-elevacion,dee233b2059225992a3e45c3537cb076e51bfea1c0a63e18148a9ddf8ebf1383
183,gilles-183-tep-cerro-del-hombre,TEP-cerro del Hombre,,gilles-183-tep-cerro-del-hombre/ruta.gpx,0.469,32,ausente,,,no,pendiente,tramo-muy-corto|sin-elevacion,1733a7aac1502755d24e45ab8d598a6ca874fa7dd0dac0d405cc1ca7d0ef0c85
184,gilles-184-tep-conexion-con-la-carretera,TEP-conexión con la carretera,,gilles-184-tep-conexion-con-la-carretera/ruta.gpx,0.375,14,ausente,,,no,pendiente,tramo-muy-corto|posible-conector|sin-elevacion,e1cae9f8b6d6a9027a0e58ed2bc644e82ab004070fe9bcc3a8d755cfe9342f0e
185,gilles-185-tep-conexion-pegada-a-la-pista,TEP-conexión pegada a la pista,,gilles-185-tep-conexion-pegada-a-la-pista/ruta.gpx,0.994,26,completa,1670.3,1722.7,no,pendiente,tramo-corto|posible-conector,d8b63b6d0710591a612c92a4eca2188813e5489b32a2bbc1a48f1683271066ae
186,gilles-186-tep-corredores-del-aire,TEP-corredores del aire,,gilles-186-tep-corredores-del-aire/ruta.gpx,1.210,57,ausente,,,no,pendiente,tramo-corto|sin-elevacion,8f50e23c6d287386f3db4614c61687e81a2b09f38315f0efa4bb731bc6bca38f
187,gilles-187-tep-cumbre-del-ocelotepetl,TEP-cumbre del Ocelotépetl,,gilles-187-tep-cumbre-del-ocelotepetl/ruta.gpx,1.172,58,ausente,,,no,pendiente,tramo-corto|sin-elevacion,120a98463ec6f0c391d58c319be859f060ea73c9a3ab2090939d89ef59ca966c
188,gilles-188-tep-gasolinera-a-san-pedro,TEP-gasolinera a San Pedro,,gilles-188-tep-gasolinera-a-san-pedro/ruta.gpx,0.950,18,ausente,,,no,pendiente,tramo-corto|sin-elevacion,700144936ca85e57994c7b271f2cb1fec86cecb055f954610de8cc85e4dd9c1f
189,gilles-189-tep-lateral-al-ocelotepetl,TEP-lateral al Ocelotépetl,,gilles-189-tep-lateral-al-ocelotepetl/ruta.gpx,1.003,44,completa,2018.5,2102.8,no,pendiente,tramo-corto,0b9c8f88dea4c20b8033621a71a1478c54681643fcc299f4572740215eca0679
190,gilles-190-tep-otra-bajada-del-ocelotepetl,TEP-otra bajada del Ocelotépetl,,gilles-190-tep-otra-bajada-del-ocelotepetl/ruta.gpx,0.642,43,ausente,,,no,pendiente,tramo-corto|sin-elevacion,0e152905ee85224e4d7af9475d3bf1a96ef8c56654be2cc8aab6e411286cd167
191,gilles-191-tep-por-la-piramide,TEP-por la píramide,,gilles-191-tep-por-la-piramide/ruta.gpx,4.013,81,completa,1722.4,2109.3,no,pendiente,,ef2f829f22448dfdccde32611e3f6e3b45b279985b46d21a9089a392b72408cc
192,gilles-192-tep-por-tierra-blanca,TEP-por tierra blanca,,gilles-192-tep-por-tierra-blanca/ruta.gpx,2.341,60,ausente,,,no,pendiente,sin-elevacion,b88ed7ed7ec6e958ead81eea76248ac2e9a908896f74f7d27e8743274ea10937
193,gilles-193-tep-sd-a-c,TEP-SD-A.C.,,gilles-193-tep-sd-a-c/ruta.gpx,4.372,43,ausente,,,no,pendiente,sin-elevacion,5884201bccaefece6f40472de8ccd429e54a4b4822fd93061441d98e1ced6435
194,gilles-194-tep-sj-a-c,TEP-SJ-A.C.,,gilles-194-tep-sj-a-c/ruta.gpx,5.226,126,completa,1727.4,2375.4,no,pendiente,,a49654dbdcdeaad8dd6c361eb5d87716bc11119f01b39621a756d31392abdcfa
